{
    "best_model_name": "Linear SVC",
    "selected_model_baseline_accuracy": 0.9912408759124087,
    "best_baseline_model_name": "Logistic Regression",
    "best_baseline_accuracy": 0.991727493917275,
    "baseline_results": {
        "Naive Bayes": {
            "accuracy": 0.9761557177615572
        },
        "Logistic Regression": {
            "accuracy": 0.991727493917275
        },
        "Linear SVC": {
            "accuracy": 0.9912408759124087
        }
    },
    "accuracy": 0.9912408759124087,
    "precision_macro": 0.9940382736399342,
    "precision_weighted": 0.9913299698399847,
    "recall_macro": 0.9916431339590251,
    "recall_weighted": 0.9912408759124087,
    "f1_macro": 0.9927725307740967,
    "f1_weighted": 0.991224386117895,
    "classification_report": {
        "Arabic": {
            "precision": 1.0,
            "recall": 1.0,
            "f1-score": 1.0,
            "support": 106.0
        },
        "Danish": {
            "precision": 1.0,
            "recall": 0.9411764705882353,
            "f1-score": 0.9696969696969697,
            "support": 85.0
        },
        "Dutch": {
            "precision": 1.0,
            "recall": 0.9907407407407407,
            "f1-score": 0.9953488372093023,
            "support": 108.0
        },
        "English": {
            "precision": 0.9752650176678446,
            "recall": 0.9963898916967509,
            "f1-score": 0.9857142857142858,
            "support": 277.0
        },
        "French": {
            "precision": 0.9851485148514851,
            "recall": 0.9851485148514851,
            "f1-score": 0.9851485148514851,
            "support": 202.0
        },
        "German": {
            "precision": 0.9893617021276596,
            "recall": 1.0,
            "f1-score": 0.9946524064171123,
            "support": 93.0
        },
        "Greek": {
            "precision": 1.0,
            "recall": 1.0,
            "f1-score": 1.0,
            "support": 72.0
        },
        "Hindi": {
            "precision": 1.0,
            "recall": 1.0,
            "f1-score": 1.0,
            "support": 12.0
        },
        "Italian": {
            "precision": 1.0,
            "recall": 0.9856115107913669,
            "f1-score": 0.9927536231884058,
            "support": 139.0
        },
        "Kannada": {
            "precision": 1.0,
            "recall": 1.0,
            "f1-score": 1.0,
            "support": 73.0
        },
        "Malayalam": {
            "precision": 1.0,
            "recall": 1.0,
            "f1-score": 1.0,
            "support": 118.0
        },
        "Portugeese": {
            "precision": 0.9864864864864865,
            "recall": 0.9931972789115646,
            "f1-score": 0.9898305084745763,
            "support": 147.0
        },
        "Russian": {
            "precision": 1.0,
            "recall": 0.9927536231884058,
            "f1-score": 0.9963636363636363,
            "support": 138.0
        },
        "Spanish": {
            "precision": 0.9877300613496932,
            "recall": 0.9877300613496932,
            "f1-score": 0.9877300613496932,
            "support": 163.0
        },
        "Sweedish": {
            "precision": 0.9851851851851852,
            "recall": 0.9851851851851852,
            "f1-score": 0.9851851851851852,
            "support": 135.0
        },
        "Tamil": {
            "precision": 1.0,
            "recall": 1.0,
            "f1-score": 1.0,
            "support": 93.0
        },
        "Turkish": {
            "precision": 0.9894736842105263,
            "recall": 1.0,
            "f1-score": 0.9947089947089947,
            "support": 94.0
        },
        "accuracy": 0.9912408759124087,
        "macro avg": {
            "precision": 0.9940382736399342,
            "recall": 0.9916431339590251,
            "f1-score": 0.9927725307740967,
            "support": 2055.0
        },
        "weighted avg": {
            "precision": 0.9913299698399847,
            "recall": 0.9912408759124087,
            "f1-score": 0.991224386117895,
            "support": 2055.0
        }
    },
    "confusion_matrix_labels": [
        "Arabic",
        "Danish",
        "Dutch",
        "English",
        "French",
        "German",
        "Greek",
        "Hindi",
        "Italian",
        "Kannada",
        "Malayalam",
        "Portugeese",
        "Russian",
        "Spanish",
        "Sweedish",
        "Tamil",
        "Turkish"
    ],